Title,OS visitors Earnings: Mn £ (NSA),OS visitors Earnings: Mn £ (SA),OS visitors: # in Thousands (NSA),OS visitors: # in Thousands(SA),UK visitors Expenditure: Mn £ (NSA),UK visitors Expenditure: Mn £ (SA),UK visitors: # in Thousands (NSA),UK visitors: # in Thousands (SA)
1980 JAN,,,739,,,,823,
1980 FEB,,,602,,,,780,
1980 MAR,,,740,,,,1058,
1980 APR,,,1028,,,,1397,
1980 MAY,,,1088,,,,1438,
1980 JUN,,,1124,,,,1821,
1980 JUL,,,1699,,,,1950,
1980 AUG,,,1839,,,,2777,
1980 SEP,,,1200,,,,2258,
1980 OCT,,,963,,,,1509,
1980 NOV,,,755,,,,1004,
1980 DEC,,,642,,,,690,
1981 JAN,,,695,,,,833,
1981 FEB,,,540,,,,818,
1981 MAR,,,685,,,,1067,
1981 APR,,,962,,,,1521,
1981 MAY,,,1007,,,,1559,
1981 JUN,,,1039,,,,1828,
1981 JUL,,,1430,,,,2177,
1981 AUG,,,1650,,,,3143,
1981 SEP,,,1181,,,,2547,
1981 OCT,,,954,,,,1812,
1981 NOV,,,689,,,,1006,
1981 DEC,,,619,,,,737,
1982 JAN,,,789,,,,962,
1982 FEB,,,578,,,,872,
1982 MAR,,,646,,,,1106,
1982 APR,,,1071,,,,1671,
1982 MAY,,,1034,,,,1524,
1982 JUN,,,1069,,,,2261,
1982 JUL,,,1471,,,,2247,
1982 AUG,,,1629,,,,3268,
1982 SEP,,,1155,,,,2741,
1982 OCT,,,943,,,,2018,
1982 NOV,,,661,,,,1087,
1982 DEC,,,592,,,,854,
1983 JAN,,,723,,,,947,
1983 FEB,,,550,,,,875,
1983 MAR,,,740,,,,1156,
1983 APR,,,1023,,,,1616,
1983 MAY,,,988,,,,1646,
1983 JUN,,,1189,,,,2142,
1983 JUL,,,1697,,,,2677,
1983 AUG,,,1748,,,,3187,
1983 SEP,,,1269,,,,2711,
1983 OCT,,,1051,,,,2027,
1983 NOV,,,796,,,,1098,
1983 DEC,,,690,,,,912,
1984 JAN,,,745,,,,1035,
1984 FEB,,,580,,,,885,
1984 MAR,,,828,,,,1336,
1984 APR,,,1170,,,,1717,
1984 MAY,,,1096,,,,1828,
1984 JUN,,,1316,,,,2436,
1984 JUL,,,1763,,,,2480,
1984 AUG,,,2011,,,,3150,
1984 SEP,,,1406,,,,2968,
1984 OCT,,,1093,,,,2054,
1984 NOV,,,882,,,,1235,
1984 DEC,,,752,,,,950,
1985 JAN,,,817,,,,1043,
1985 FEB,,,652,,,,872,
1985 MAR,,,867,,,,1365,
1985 APR,,,1208,,,,1644,
1985 MAY,,,1282,,,,1651,
1985 JUN,,,1468,,,,2288,
1985 JUL,,,1819,,,,2277,
1985 AUG,,,2139,,,,3150,
1985 SEP,,,1447,,,,2830,
1985 OCT,,,1140,,,,2050,
1985 NOV,,,802,,,,1424,
1985 DEC,,,809,,,,1014,
1986 JAN,341,440,926,1144,259,420,1129,1878
1986 FEB,271,480,732,1195,237,410,1004,1743
1986 MAR,325,440,921,1139,400,510,1572,2014
1986 APR,372,460,1028,1116,367,480,1607,1944
1986 MAY,433,460,1125,1143,497,510,2116,2207
1986 JUN,473,430,1167,1090,593,510,2620,2065
1986 JUL,645,450,1680,1143,696,530,2865,2135
1986 AUG,793,460,2048,1253,969,540,3740,2179
1986 SEP,657,510,1337,1161,878,540,3318,2195
1986 OCT,461,420,1195,1194,581,490,2457,2184
1986 NOV,426,540,910,1190,373,610,1465,2210
1986 DEC,357,460,828,1130,232,530,1055,2193
1987 JAN,412,530,1038,1282,358,560,1305,2137
1987 FEB,266,480,678,1130,318,540,1292,2225
1987 MAR,337,490,925,1261,410,560,1644,2202
1987 APR,415,490,1315,1295,480,590,2074,2330
1987 MAY,476,520,1305,1361,604,630,2391,2370
1987 JUN,606,570,1427,1328,713,620,2849,2307
1987 JUL,745,530,1883,1323,844,640,3148,2282
1987 AUG,925,550,2228,1384,1134,640,4041,2361
1987 SEP,700,550,1507,1328,1013,630,3462,2299
1987 OCT,585,530,1348,1330,755,620,2540,2265
1987 NOV,397,520,948,1252,371,610,1603,2363
1987 DEC,395,500,963,1289,280,640,1098,2306
1988 JAN,401,520,1021,1286,417,640,1406,2145
1988 FEB,284,500,792,1265,417,670,1384,2261
1988 MAR,362,520,964,1227,514,680,1679,2264
1988 APR,451,530,1324,1386,548,670,2080,2371
1988 MAY,445,490,1191,1223,583,650,2133,2297
1988 JUN,567,520,1498,1394,839,690,3130,2438
1988 JUL,735,500,1930,1338,924,680,3326,2490
1988 AUG,846,520,2084,1294,1179,670,3967,2370
1988 SEP,649,500,1535,1349,1109,690,3729,2518
1988 OCT,606,550,1366,1342,896,720,3077,2655
1988 NOV,404,520,1073,1361,452,720,1695,2515
1988 DEC,435,530,1021,1333,337,720,1224,2506
1989 JAN,410,540,1132,1420,484,730,1724,2630
1989 FEB,303,550,869,1413,524,870,1627,2721
1989 MAR,470,630,1336,1636,575,730,2055,2594
1989 APR,456,550,1302,1388,622,750,2211,2468
1989 MAY,506,550,1388,1402,664,740,2478,2592
1989 JUN,605,560,1575,1440,926,760,3263,2570
1989 JUL,873,600,2071,1424,1028,750,3353,2516
1989 AUG,909,550,2257,1401,1361,780,4392,2654
1989 SEP,755,580,1633,1415,1304,800,3878,2616
1989 OCT,635,590,1448,1441,937,770,3006,2550
1989 NOV,469,590,1183,1469,505,790,1647,2378
1989 DEC,554,660,1145,1490,427,890,1398,2744
1990 JAN,486,650,1184,1505,580,797,1808,2699
1990 FEB,398,710,968,1573,483,787,1532,2597
1990 MAR,482,650,1171,1547,625,803,1925,2324
1990 APR,536,620,1411,1383,695,782,2535,2590
1990 MAY,616,640,1482,1470,729,816,2468,2552
1990 JUN,702,650,1644,1507,1099,964,3216,2709
1990 JUL,940,650,2206,1551,1090,841,3392,2701
1990 AUG,1018,630,2309,1478,1393,829,4285,2689
1990 SEP,858,640,1791,1577,1261,842,3799,2719
1990 OCT,670,640,1524,1535,988,826,3091,2718
1990 NOV,526,650,1204,1479,525,803,1884,2634
1990 DEC,516,610,1123,1412,416,795,1215,2218
1991 JAN,418,560,1015,1312,516,716,1695,2549
1991 FEB,289,520,786,1260,454,742,1429,2389
1991 MAR,439,570,1035,1259,629,812,2024,2450
1991 APR,492,590,1321,1395,755,856,2703,2746
1991 MAY,604,620,1474,1481,706,795,2317,2384
1991 JUN,646,620,1502,1421,951,837,2896,2435
1991 JUL,865,610,2007,1438,1099,855,3323,2635
1991 AUG,1013,620,2281,1462,1444,862,4301,2688
1991 SEP,812,630,1724,1548,1316,884,3734,2696
1991 OCT,665,640,1484,1506,1066,891,3072,2662
1991 NOV,611,760,1299,1563,585,890,1929,2682
1991 DEC,532,650,1197,1481,430,812,1386,2493
1992 JAN,507,683,1200,1590,669,919,1879,2821
1992 FEB,377,676,966,1525,598,925,1800,2816
1992 MAR,496,654,1179,1521,714,905,2391,2886
1992 APR,604,710,1648,1665,835,933,2912,2977
1992 MAY,657,677,1594,1534,912,1005,2993,3026
1992 JUN,667,625,1655,1533,1031,888,3098,2599
1992 JUL,908,585,2037,1458,1210,935,3645,2896
1992 AUG,1063,630,2430,1559,1581,934,4479,2835
1992 SEP,833,626,1721,1499,1416,947,3937,2861
1992 OCT,656,645,1483,1494,1120,931,3146,2683
1992 NOV,536,677,1235,1463,652,980,2075,2875
1992 DEC,588,704,1385,1691,505,940,1477,2556
1993 JAN,544,732,1164,1561,741,1020,2047,3029
1993 FEB,496,813,1153,1739,675,1077,1995,3171
1993 MAR,618,779,1294,1615,782,985,2572,3082
1993 APR,682,792,1724,1725,956,1074,2761,2817
1993 MAY,745,765,1801,1734,996,1100,2968,2953
1993 JUN,766,716,1697,1563,1259,1090,3692,3083
1993 JUL,1172,834,2290,1676,1389,1094,3845,3123
1993 AUG,1300,841,2615,1752,1868,1121,4826,3087
1993 SEP,1044,829,1795,1589,1609,1095,4216,3095
1993 OCT,816,812,1582,1595,1385,1164,3793,3214
1993 NOV,652,804,1410,1670,735,1096,2240,3084
1993 DEC,652,770,1341,1647,577,1054,1767,2982
1994 JAN,569,770,1214,1630,815,1090,2036,3190
1994 FEB,468,780,1058,1710,798,1230,2117,3330
1994 MAR,651,800,1568,1800,940,1110,2618,3290
1994 APR,668,770,1668,1630,1007,1110,2993,3230
1994 MAY,817,830,1725,1660,1094,1160,3330,3330
1994 JUN,858,790,1876,1740,1413,1210,4118,3360
1994 JUL,1166,820,2338,1680,1552,1250,4161,3260
1994 AUG,1413,940,2555,1740,2038,1300,5114,3440
1994 SEP,1070,870,1998,1800,1762,1230,4620,3460
1994 OCT,822,800,1800,1780,1411,1180,4037,3310
1994 NOV,552,670,1532,1800,805,1150,2387,3220
1994 DEC,731,790,1462,1760,729,1200,2099,3280
1995 JAN,715,980,1482,1920,912,1230,2267,3420
1995 FEB,536,890,1167,1850,753,1160,2207,3430
1995 MAR,779,970,1568,1820,989,1160,2712,3370
1995 APR,874,990,2073,2050,1137,1240,3359,3580
1995 MAY,919,950,1925,1850,1256,1340,3486,3470
1995 JUN,974,890,1954,1830,1554,1330,4148,3410
1995 JUL,1396,990,2624,1950,1629,1320,4356,3510
1995 AUG,1531,1030,2897,2020,2024,1300,5055,3390
1995 SEP,1235,990,2226,2040,1900,1320,4616,3360
1995 OCT,1012,1000,2077,2050,1563,1330,4242,3510
1995 NOV,836,1020,1842,2140,905,1280,2536,3430
1995 DEC,955,1020,1703,2000,766,1250,2362,3470
1996 JAN,690,950,1526,1960,952,1300,2253,3480
1996 FEB,657,1050,1366,2100,915,1360,2314,3300
1996 MAR,828,1000,1827,2100,1197,1370,2965,3530
1996 APR,869,1000,2118,2080,1242,1380,3325,3660
1996 MAY,989,1030,2239,2150,1197,1270,3299,3270
1996 JUN,1163,1030,2323,2190,1522,1270,4118,3290
1996 JUL,1403,1020,2826,2200,1591,1330,4143,3370
1996 AUG,1552,1030,2990,2120,2128,1360,5178,3380
1996 SEP,1271,1030,2314,2150,1962,1360,4569,3320
1996 OCT,1099,1100,2123,2100,1653,1430,4405,3750
1996 NOV,839,1000,1653,1950,987,1360,2975,3740
1996 DEC,931,1020,1855,2160,877,1450,2509,3760
1997 JAN,754,1030,1664,2130,990,1340,2541,3790
1997 FEB,593,970,1377,2080,880,1340,2582,3810
1997 MAR,818,1000,1899,2180,1258,1440,3031,3700
1997 APR,864,980,2021,1980,1240,1360,3359,3660
1997 MAY,961,980,2195,2070,1312,1370,3910,3760
1997 JUN,1154,1030,2230,2100,1713,1460,4619,3910
1997 JUL,1436,1040,3000,2320,1683,1410,4580,3790
1997 AUG,1532,1020,2939,2080,2220,1420,5736,3780
1997 SEP,1261,1050,2229,2090,1996,1410,4865,3610
1997 OCT,1054,1060,2082,2060,1628,1410,4556,3880
1997 NOV,874,1030,1820,2160,1119,1500,3459,4210
1997 DEC,942,1050,2059,2340,890,1480,2719,4100
1998 JAN,769,1030,1631,2110,1118,1490,2817,4060
1998 FEB,673,1090,1406,2100,1164,1760,3035,4360
1998 MAR,808,1000,1767,2030,1364,1580,3327,4050
1998 APR,955,1080,2227,2180,1412,1540,3818,4140
1998 MAY,1075,1080,2431,2280,1721,1770,4604,4380
1998 JUN,1170,1050,2176,2020,1752,1500,4820,4100
1998 JUL,1424,1030,2785,2100,1794,1510,5139,4260
1998 AUG,1516,1020,3002,2170,2434,1560,6188,4190
1998 SEP,1272,1070,2241,2120,2390,1700,5648,4340
1998 OCT,1048,1040,2255,2250,1929,1670,4910,4180
1998 NOV,894,1060,1773,2090,1352,1800,3661,4510
1998 DEC,1067,1190,2052,2340,1060,1770,2906,4410
1999 JAN,814,1060,1680,2150,1435,1890,3183,4380
1999 FEB,668,1070,1511,2160,1196,1790,3051,4410
1999 MAR,931,1170,1855,2120,1478,1730,3645,4490
1999 APR,848,950,2161,2120,1648,1780,4243,4460
1999 MAY,1009,1010,2295,2150,1812,1860,4605,4650
1999 JUN,1207,1080,2344,2150,2118,1820,5726,4770
1999 JUL,1445,1030,2712,2040,2211,1840,5391,4440
1999 AUG,1516,1040,3013,2210,2826,1840,6526,4370
1999 SEP,1187,1010,2187,2070,2534,1810,5822,4540
1999 OCT,1064,1040,2061,2070,2290,1990,5424,4570
1999 NOV,893,1070,1836,2180,1367,1830,3465,4400
1999 DEC,917,1020,1739,1990,1105,1850,2801,4390
2000 JAN,818,1050,1621,2070,1463,1920,3019,4350
2000 FEB,637,980,1553,2190,1299,1860,3341,4510
2000 MAR,860,1080,1819,2080,1576,1850,3782,4650
2000 APR,1057,1150,2187,2170,1850,1940,4569,4650
2000 MAY,1095,1130,2304,2180,1929,2030,4693,4800
2000 JUN,1145,1030,2242,2030,2367,2030,5532,4580
2000 JUL,1533,1080,2820,2110,2508,2060,5931,4910
2000 AUG,1510,1050,2909,2110,3073,2010,7030,4810
2000 SEP,1241,1050,2214,2100,2922,2100,6275,4810
2000 OCT,1080,1080,2028,2050,2377,2100,5706,4970
2000 NOV,885,1060,1681,2000,1627,2190,3746,4790
2000 DEC,945,1010,1829,2100,1259,2060,3213,4790
2001 JAN,822,1080,1588,2010,1547,2060,3533,4970
2001 FEB,675,1070,1454,2090,1436,2080,3362,4810
2001 MAR,909,1130,1820,2100,1905,2220,3947,4790
2001 APR,861,950,2008,2000,2079,2180,4995,5060
2001 MAY,845,870,2023,1920,1994,2110,4590,4750
2001 JUN,1109,990,2248,2040,2501,2120,6077,5020
2001 JUL,1335,950,2546,1890,2569,2140,5982,4940
2001 AUG,1389,970,2588,1810,3467,2250,7472,5070
2001 SEP,1095,920,1964,1880,2885,2080,6198,4760
2001 OCT,776,790,1630,1660,2211,1980,5272,4640
2001 NOV,752,900,1582,1840,1597,2180,3918,4950
2001 DEC,737,780,1381,1580,1141,1850,2935,4600
2002 JAN,696,910,1538,1940,1533,2020,3357,4820
2002 FEB,578,910,1266,1810,1546,2200,3518,4990
2002 MAR,751,930,1754,1990,1967,2270,4135,4900
2002 APR,861,960,2220,2210,2171,2290,4857,4980
2002 MAY,918,950,2009,1920,2021,2160,4704,4850
2002 JUN,1106,980,2280,2080,2753,2310,6081,4960
2002 JUL,1411,1030,2807,2180,2626,2210,5866,4870
2002 AUG,1399,960,2716,1990,3532,2250,7509,5000
2002 SEP,1192,1020,2096,2020,3096,2280,6322,4930
2002 OCT,978,990,2053,2100,2639,2380,5850,5210
2002 NOV,844,1000,1769,2010,1653,2250,3925,4950
2002 DEC,1003,1060,1884,2090,1425,2310,3374,5160
2003 JAN,762,1000,1785,2150,1802,2370,3572,4970
2003 FEB,616,960,1440,2000,1674,2340,3670,5170
2003 MAR,773,970,1701,1940,1970,2280,4284,5160
2003 APR,763,840,1836,1810,2092,2190,4797,4900
2003 MAY,933,950,1827,1730,2280,2420,5377,5410
2003 JUN,1049,950,2422,2270,2715,2310,6040,5020
2003 JUL,1331,980,2657,2020,2971,2520,6240,5280
2003 AUG,1496,1010,2829,2120,3937,2470,7871,5200
2003 SEP,1214,1050,2230,2150,3110,2330,6288,4880
2003 OCT,1025,1040,2162,2210,2662,2410,5678,5000
2003 NOV,866,1010,2007,2220,1728,2350,4050,5130
2003 DEC,1028,1090,1978,2200,1609,2600,3467,5320
2004 JAN,784,1020,1764,2130,1922,2480,3838,5190
2004 FEB,686,1010,1758,2370,1863,2460,3950,5170
2004 MAR,759,980,1929,2210,1945,2300,3982,4960
2004 APR,983,1070,2267,2250,2365,2470,5263,5310
2004 MAY,1057,1060,2345,2220,2275,2390,5102,5300
2004 JUN,1192,1100,2403,2250,2962,2560,6602,5460
2004 JUL,1466,1070,2905,2280,2930,2460,6367,5360
2004 AUG,1672,1150,3132,2440,4062,2570,8153,5490
2004 SEP,1252,1080,2375,2280,3445,2590,6713,5300
2004 OCT,1157,1150,2250,2280,2943,2620,6227,5360
2004 NOV,983,1170,2143,2350,1879,2620,4273,5550
2004 DEC,1056,1110,2355,2570,1694,2690,3704,5590
2005 JAN,927,1190,2129,2510,2147,2740,4293,5590
2005 FEB,804,1220,1851,2460,1999,2730,3913,5530
2005 MAR,912,1180,2191,2480,2266,2690,4615,5610
2005 APR,996,1050,2331,2310,2562,2650,5445,5390
2005 MAY,1222,1230,2769,2610,2583,2750,5394,5610
2005 JUN,1344,1250,2768,2650,2965,2570,6578,5500
2005 JUL,1525,1110,3116,2460,3142,2610,6494,5410
2005 AUG,1689,1190,3206,2510,4115,2630,8113,5500
2005 SEP,1260,1090,2536,2430,3654,2750,7160,5630
2005 OCT,1156,1140,2449,2460,2992,2680,6467,5710
2005 NOV,1032,1230,2389,2610,2031,2830,4284,5610
2005 DEC,1380,1440,2235,2490,1699,2640,3686,5470
2006 JAN,959,1260,2261,2650,2313,2990,4444,5700
2006 FEB,772,1150,1786,2420,1970,2670,4092,5740
2006 MAR,1026,1310,2304,2590,2382,2820,4594,5590
2006 APR,1291,1330,2920,2900,2830,2910,6059,5950
2006 MAY,1314,1330,2836,2630,2614,2800,5806,5990
2006 JUN,1365,1280,2720,2620,3321,2900,6873,5820
2006 JUL,1925,1400,3530,2800,3418,2810,6724,5700
2006 AUG,1839,1310,3705,3020,4468,2850,8393,5720
2006 SEP,1637,1400,3061,2930,3657,2720,7261,5640
2006 OCT,1357,1340,2511,2500,3250,2980,6665,5940
2006 NOV,1140,1360,2569,2810,2174,3050,4440,5870
2006 DEC,1376,1430,2512,2810,2014,3070,4184,5890
2007 JAN,970,1290,2298,2690,2118,2790,4475,5790
2007 FEB,971,1430,2012,2680,2227,3010,4098,5780
2007 MAR,1059,1330,2427,2690,2563,3000,4922,5940
2007 APR,1239,1290,2872,2860,2817,2930,5867,5800
2007 MAY,1266,1270,2941,2700,2680,2870,5450,5630
2007 JUN,1354,1260,2698,2620,3337,2890,6659,5510
2007 JUL,1820,1340,3349,2650,3559,2930,6827,5800
2007 AUG,1794,1290,3350,2690,4608,2920,8656,5900
2007 SEP,1620,1380,2865,2760,3930,2900,7517,5860
2007 OCT,1337,1300,2817,2760,3133,2920,6586,5980
2007 NOV,1076,1270,2598,2830,2042,2890,4234,5620
2007 DEC,1453,1550,2551,2870,1999,3030,4158,5900
2008 JAN,1049,1410,2349,2740,2679,3550,4724,6100
2008 FEB,996,1420,2249,2990,2425,3180,4553,5930
2008 MAR,1085,1330,2597,2860,2693,3130,5085,6130
2008 APR,1332,1410,2699,2690,2760,2910,5771,5740
2008 MAY,1453,1440,3042,2790,2941,3100,5873,5860
2008 JUN,1447,1350,2665,2590,3611,3130,6904,5900
2008 JUL,1796,1340,3357,2680,3779,3110,6835,5870
2008 AUG,1906,1340,3426,2820,4945,3050,8574,5590
2008 SEP,1493,1310,2575,2510,4034,3040,7058,5510
2008 OCT,1458,1380,2661,2550,2906,2720,5812,5220
2008 NOV,1173,1340,2177,2370,2132,2980,4132,5460
2008 DEC,1138,1280,2091,2390,1932,3000,3687,5480
2009 JAN,1226,1630,2242,2620,2236,2940,4065,5440
2009 FEB,889,1320,1848,2480,2299,3140,3553,5250
2009 MAR,1217,1520,2400,2600,2455,2910,4049,5140
2009 APR,1428,1530,2593,2580,2785,2940,5588,5600
2009 MAY,1329,1290,2601,2360,2800,2900,5464,5300
2009 JUN,1516,1420,2777,2710,3143,2740,6155,5180
2009 JUL,1857,1370,3247,2560,3576,2920,6320,5340
2009 AUG,2267,1610,3296,2660,4235,2590,7731,4790
2009 SEP,1719,1520,2718,2670,4060,3050,7299,5680
2009 OCT,1567,1430,2666,2520,2956,2740,5760,5140
2009 NOV,1289,1480,2352,2570,1971,2810,3883,5280
2009 DEC,1289,1490,2332,2690,1939,3030,3646,5480
2010 JAN,1106,1460,2187,2550,2310,3010,3913,5210
2010 FEB,995,1500,1875,2570,2181,3030,3729,5460
2010 MAR,1069,1360,2233,2450,2585,3150,4195,5430
2010 APR,1186,1280,2286,2240,2939,3100,5061,5030
2010 MAY,1767,1710,2776,2510,2975,3040,5406,5430
2010 JUN,1639,1520,2598,2490,3640,3180,6548,5400
2010 JUL,2066,1480,3282,2580,3868,3120,6697,5680
2010 AUG,1951,1400,3160,2560,5191,3190,8793,5720
2010 SEP,1542,1370,2532,2510,4042,3020,6777,5180
2010 OCT,1793,1600,2846,2670,3445,3160,6304,5540
2010 NOV,1447,1680,2480,2720,2124,3060,4030,5490
2010 DEC,1239,1450,2143,2540,1829,2890,3196,5040
2011 JAN,1106,1440,2215,2570,2275,2950,4001,5440
2011 FEB,1017,1560,1871,2610,2106,2990,3750,5470
2011 MAR,1280,1650,2497,2800,2447,3050,4197,5530
2011 APR,1347,1450,2691,2650,2906,3030,5731,5640
2011 MAY,1616,1570,2853,2560,3260,3320,6179,6170
2011 JUN,1797,1650,2918,2740,3640,3170,6620,5510
2011 JUL,2291,1590,3465,2740,3927,3150,6693,5570
2011 AUG,2216,1630,3286,2680,5104,3150,8717,5680
2011 SEP,1743,1540,2653,2620,4356,3230,7349,5640
2011 OCT,1835,1650,2889,2700,3519,3220,6387,5680
2011 NOV,1405,1630,2340,2580,2243,3210,4078,5540
2011 DEC,1321,1540,2209,2620,2135,3390,3792,5630
2012 JAN,1211,1590,2392,2750,2266,2960,3905,5360
2012 FEB,1016,1530,1835,2560,2206,3080,4032,5550
2012 MAR,1243,1600,2419,2780,2557,3210,4350,5680
2012 APR,1549,1690,2963,2880,3200,3340,5624,5590
2012 MAY,1695,1660,3045,2730,3012,3050,5380,5330
2012 JUN,1691,1510,2614,2420,3868,3340,7008,5850
2012 JUL,2426,1700,3429,2770,4015,3280,6498,5440
2012 AUG,2136,1580,2855,2330,5174,3180,8355,5270
2012 SEP,2238,1890,2814,2790,4543,3280,7513,5720
2012 OCT,1662,1550,2786,2590,3400,3160,6294,5660
2012 NOV,1400,1640,2553,2800,2246,3190,4139,5630
2012 DEC,1514,1730,2517,2950,1988,3150,3759,5580
2013 JAN,1336,1760,2290,2650,2509,3310,4272,5820
2013 FEB,1123,1760,2019,2720,2232,3250,3947,5770
2013 MAR,1329,1720,2245,2610,2601,3280,4316,5560
2013 APR,1785,1990,2960,2860,3342,3530,5716,5740
2013 MAY,1805,1740,3152,2790,3546,3570,5857,5740
2013 JUN,2090,1830,3000,2790,4057,3480,6903,5720
2013 JUL,2666,1890,3356,2710,4119,3420,6839,5820
2013 AUG,2567,1880,3639,3030,5843,3540,9093,5810
2013 SEP,2291,1930,2879,2870,4687,3390,7524,5720
2013 OCT,2016,1920,3072,2870,3720,3440,6095,5470
2013 NOV,1507,1750,2481,2720,2519,3490,4472,5950
2013 DEC,1722,1990,2474,2910,2194,3550,3925,5850
2014 JAN,1506,1960,2456,2810,2742,3650,4429,5940
2014 FEB,1254,1990,2186,2860,2498,3630,4019,5910
2014 MAR,1361,1760,2405,2780,2681,3410,4176,5580
2014 APR,1665,1850,3054,2950,3195,3380,5789,5790
2014 MAY,2032,1920,3404,3020,3612,3590,6595,6350
2014 JUN,2236,1980,3379,3170,3994,3490,7014,5950
2014 JUL,2797,2010,3538,2940,4260,3550,7073,6040
2014 AUG,2778,1990,3671,3050,5996,3580,9546,6070
2014 SEP,2382,2020,3096,3090,5047,3680,7858,5990
2014 OCT,2059,2010,3081,2870,4237,3910,6834,6120
2014 NOV,1793,2060,2655,2880,2634,3550,4798,6330
2014 DEC,1562,1810,2412,2840,2171,3570,4076,6170
2015 JAN,1554,1980,2640,3010,2797,3740,4746,6200
2015 FEB,1170,1870,2281,3000,2444,3530,4097,6090
2015 MAR,1547,2040,2615,3010,2984,3860,4989,6460
2015 APR,1801,2000,3115,3020,3413,3610,6328,6330
2015 MAY,2221,2060,3598,3200,3781,3720,6911,6570
2015 JUN,2250,2010,3276,3060,4248,3770,7437,6390
2015 JUL,2563,1860,3689,3040,5165,4320,7852,6800
2015 AUG,2598,1820,3709,3040,6491,3860,10065,6520
2015 SEP,2412,2050,3114,3130,5342,3890,8388,6450
2015 OCT,2334,2290,3522,3310,4364,3950,7278,6500
2015 NOV,1647,1910,2660,2880,2979,4010,4958,6640
2015 DEC,1741,2000,2573,3000,2472,4080,4569,6770
2016 JAN,1586,2000,2857,3260,2857,3830,4938,6350
2016 FEB,1332,2080,2514,3260,2928,4060,4931,6760
2016 MAR,1529,2020,2827,3220,3035,3960,5103,6770
2016 APR,1787,1960,3059,2990,4106,4290,6913,6670
2016 MAY,2270,2140,3672,3320,4089,4090,6965,6880
2016 JUN,2476,2220,3406,3160,4642,4120,7909,6690
2016 JUL,2864,2060,3877,3190,5184,4270,7989,6750
2016 AUG,2981,2100,3854,3140,7039,4270,10530,6960
2016 SEP,2390,2070,3161,3220,6016,4400,9030,7050
2016 OCT,2176,2110,3535,3330,4964,4420,7729,6870
2016 NOV,1956,2270,3258,3490,3400,4580,5079,6870
2016 DEC,2067,2320,3107,3570,2603,4240,4642,6830
2017 JAN,1820,2340,3123,3540,3052,4200,5482,6990
2017 FEB,1426,2300,2528,3330,3270,4660,4942,7090
2017 MAR,1829,2390,3196,3680,3525,4610,5511,7250
2017 APR,2325,2530,3731,3750,4393,4530,7660,7280
2017 MAY,2346,2240,3619,3290,4001,4080,7132,7050
2017 JUN,2482,2240,3662,3380,5724,5060,8951,7770
2017 JUL,3521,2550,4344,3500,5437,4490,8328,7200
2017 AUG,3654,2540,4253,3460,7523,4570,10819,7210
2017 SEP,2913,2540,3302,3360,6270,4550,9552,7420
2017 OCT,2204,2160,3359,3150,4919,4390,8305,7380
2017 NOV,2076,2380,3183,3410,3443,4620,5467,7350
2017 DEC,1800,1980,2780,3160,2872,4610,5093,7260
2018 JAN,1708,2220,2734,3170,3382,4730,5831,7450
2018 FEB,1412,2270,2573,3420,3276,4650,5071,7250
2018 MAR,2074,2660,3240,3710,4022,5230,5690,7600
2018 APR,2157,2390,3404,3440,4243,4420,8018,7650
2018 MAY,2385,2310,3614,3350,4840,4960,7603,7520
2018 JUN,2396,2150,3503,3240,5661,4920,9026,7690
2018 JUL,2864,2110,4172,3360,5935,4980,8746,7670
2018 AUG,3259,2240,4126,3310,8040,4870,11533,7790
2018 SEP,2278,1990,3237,3320,6548,4710,9644,7430
2018 OCT,2212,2170,3491,3290,5544,4990,8655,7720
2018 NOV,1830,2080,3112,3310,3463,4640,5700,7540
2018 DEC,1931,2100,3075,3380,3175,5070,5054,7330
2019 JAN,1646,2140,2830,3260,3994,5590,6149,7830
2019 FEB,1318,2100,2372,3150,3356,4750,5538,7680
2019 MAR,1840,2350,3129,3570,4106,5330,6473,8300
2019 APR,1824,2070,3199,3200,5018,5290,8406,8010
2019 MAY,2347,2290,3438,3210,5011,5150,8228,8120
2019 JUN,2725,2430,3727,3470,6128,5240,9125,7760
2019 JUL,3090,2310,4155,3370,5950,5050,8647,7690
2019 AUG,3510,2360,4418,3530,8687,5210,11628,7780
2019 SEP,2593,2320,3292,3360,7235,5270,9725,7620
2019 OCT,2645,2560,3731,3530,5827,5230,8434,7520
2019 NOV,2201,2460,3121,3360,3906,5200,5683,7440
2019 DEC,2708,2980,3445,3790,3108,4990,5050,7370
2020 JAN,2026,2620,3036,3480,3340,4640,5419,7050
2020 FEB,1538,2330,2512,3310,3454,4690,5232,7090
2020 MAR,780,1020,1446,1720,2421,3200,3239,5240
2020 APR,,,95,,,,219,
2020 MAY,,,127,,,,275,
2020 JUN,,,176,,,,445,
2020 JUL,,,633,,,,1360,
2020 AUG,,,993,,,,2759,
2020 SEP,,,696,,,,2072,
2020 OCT,,,570,,,,1369,
2020 NOV,,,358,,,,659,
2020 DEC,,,458,,,,779,
2021 JAN,,,65,,,,124,
2021 FEB,,,69,,,,292,
2021 MAR,,,61,,,,357,
2021 APR,,,65,,,,260,
2021 MAY,,,86,,,,287,
2021 JUN,,,126,,,,453,
2021 JUL,,,331,,,,1432,
2021 AUG,,,759,,,,3044,
2021 SEP,,,949,,,,3633,
2021 OCT,,,1103,,,,3263,
2021 NOV,,,1610,,,,2833,
2021 DEC,,,1039,,,,2868,
2022 JAN,,,839,,,,2558,
2022 FEB,,,1045,,,,2985,
2022 MAR,,,1860,,,,4034,
2022 APR,,,2252,,,,6234,
2022 MAY,,,2728,,,,6374,
2022 JUN,,,2977,,,,7815,
2022 JUL,,,3445,,,,7139,
2022 AUG,,,3545,,,,9361,
2022 SEP,,,2956,,,,8452,
2022 OCT,,,3322,,,,7418,
2022 NOV,,,3238,,,,4491,
2022 DEC,,,3038,,,,4089,
2023 JAN,,,2900,,,,5352,
2023 FEB,,,2193,,,,4718,
2023 MAR,,,2598,,,,5205,
2023 APR,,,3118,,,,7331,
2023 MAY,,,3292,,,,7516,
2023 JUN,,,3472,,,,8525,
2023 JUL,,,3880,,,,7410,